<?xml version="1.0" encoding="UTF-8"?>
<Configuration>
  <CookieSettings>
    <CookieName>MenaTick</CookieName>
    <Domain>localhost</Domain>
  </CookieSettings>
  <CookieKeys>
    <GAActivityId>GAGUIDCAID</GAActivityId>
    <GASessionId>GAGUIDH1</GASessionId>
    <ActivityId>GUIDCAID</ActivityId>
    <SessionId>GUIDH1</SessionId>
    <UserTrackerId>GUIDY5</UserTrackerId>
    <IsSessionTrackingEntryRequired>IsSessionTrackingEntryRequired</IsSessionTrackingEntryRequired>
    <ProductType>ProductType</ProductType>   
    <CookieDomainName>CookieDomainName</CookieDomainName>
    <CJSession>GUIDH1</CJSession>
    <GASession>GAGUIDH1</GASession>
    <TimeOut>TimeOut</TimeOut>
    <PreviousQuoteInfo>PRVQ</PreviousQuoteInfo>
    <UserTracker>GUIDY5</UserTracker>
    <Day>Day</Day>
    <Month>Month</Month>
    <Year>Year</Year>
    <Hour>Hour</Hour>
    <Minute>Minute</Minute>
    <Second>Second</Second>
  </CookieKeys>
  
  <CJPath>
    <CJUrl>//localhost:5020/teklif-alma</CJUrl>
    <ContactPage>//aracsigorta.tamonikitest.com/iletisim</ContactPage>
    <CJSurvey1>//aracsigorta.tamonikitest.com/anket-1</CJSurvey1>
    <CJSurvey2>//aracsigorta.tamonikitest.com/anket-2</CJSurvey2>
    <CJUrl2>//aracsigorta.tamonikitest.com/teklif-alma</CJUrl2>
    <CJRefFlag>0</CJRefFlag>
  </CJPath>
 
  <SocialConfig>
    <IsMessengerActive>0</IsMessengerActive>
    <WhatsAppNumber>5215523028733</WhatsAppNumber>
    <FacebookAppID>237759909591655</FacebookAppID>
    <FacebookPageID>306032123180175</FacebookPageID>
    <MessengerStartHourInMoring>0</MessengerStartHourInMoring>
    <MessengerEndHourInEvening>24</MessengerEndHourInEvening>
  </SocialConfig>

  <RedisConfiguration>
    <EndPoint>trqa.iww5us.0001.euc1.cache.amazonaws.com:6379,abortConnect=false,connectTimeout=10000,syncTimeout=10000</EndPoint>
    <!--<EndPoint>10.140.2.158:6379,abortConnect=false,connectTimeout=10000,syncTimeout=10000</EndPoint>-->
    <InstanceName>MenaSession-</InstanceName>
    <ResultsCacheTimeOutInMinutes>300</ResultsCacheTimeOutInMinutes>
    <database>15</database>
  </RedisConfiguration>

  <DateFormat>dd-MM-yyyy</DateFormat>

  
  <SessionSettings>
    <ApplicationDiscriminator>MenaTick</ApplicationDiscriminator>
    <ApplicationName>Mena</ApplicationName>
    <ProtectionKey>MenaSession</ProtectionKey>
    <SessionTimeout>60</SessionTimeout>
    <IsSessionExpiry>0</IsSessionExpiry>
    <TrackerUrl>//localhost:5000/tracker.js</TrackerUrl>
  </SessionSettings>

  <SessionKeys>
    <isAuthenticated>false</isAuthenticated>
    <Email>menatest7@gmail.com</Email>
  </SessionKeys>

  <CdnPaths>
    <ImagePath>assets/img</ImagePath>
    <JsPath>assets/js/</JsPath>
    <CssPath>assets/css/</CssPath>
    <DistBundlePath>/dist/clientApp/</DistBundlePath>
    <TrackerUrl>//localhost:5000/tracker.js</TrackerUrl>
    <IsCdnActive>0</IsCdnActive>
    <CdnDomain>//cdn.tamonikitest.com</CdnDomain>
    <CdnImagePath>/quotepage/car/{0}/assets/img</CdnImagePath>
    <CdnDistBundlePath>/quotepage/car/{0}/dist/</CdnDistBundlePath>
    <CdnTrackerJsPath>//tracker.tamonikitest.com/tracker.js</CdnTrackerJsPath>
    <CdnJsPath>/quotepage/car/{0}/js/</CdnJsPath>
    <CdnCssPath>/quotepage/car/{0}/assets/css/</CdnCssPath>
  </CdnPaths>

  <DebugLog>0</DebugLog>

  <EmailSenderConfig>
		<Subject>Forgot Password Link</Subject>
    <BCC></BCC>
    <CC></CC>
    <Priority>0</Priority>
    <SenderDisplayName>Customer Portal</SenderDisplayName>
    <HeaderText>Forgot Password</HeaderText>
    <TemplateInfo></TemplateInfo>
    <Attachments></Attachments>
	</EmailSenderConfig>
  
  
  <EndPointUrls>
    <ApiTools>http://localhost:50171</ApiTools>
    <LookUpWebAPI>http://localhost:6010</LookUpWebAPI>
    <QuoteAPI>http://localhost:6060</QuoteAPI>
    <MotorApi>http://localhost:6050</MotorApi>
    <ExternalCustomerApi>http://localhost:6020</ExternalCustomerApi>
    <MisWebAPI>http://localhost:6040</MisWebAPI>
    <CommonEmailerAPI>http://localhost:6070</CommonEmailerAPI>  
    <HttpWebHostUrl>http://localhost:5040</HttpWebHostUrl>
    <CustomerPortalAPI>http://localhost:7000</CustomerPortalAPI>
  </EndPointUrls>

  <ApplicationSettings>
    <CjWebUrl>http://localhost:5010/</CjWebUrl>
    <FileSizeLimit>4194304</FileSizeLimit>
    <MaxFileAllowed>5</MaxFileAllowed>
  </ApplicationSettings>
</Configuration>
