<configuration>
  <log4net>
    <appender name="LogEntyForwardingAppender" type="Mena.Components.Core.Instrumentation.Log4Net.Appenders.LogEntyForwardingAppender, Mena.Components.Core.Instrumentation.Log4Net">
      <appender-ref ref="AWSQueue" />
      <appender-ref ref="RollingFile" />
    </appender>
    <appender name="RollingFile" type="log4net.Appender.RollingFileAppender, log4net">
      <file value="CustomerPortalLog.txt" />
      <appendToFile value="true" />
      <maximumFileSize value="100KB" />
      <maxSizeRollBackups value="2" />
      <layout type="log4net.Layout.PatternLayout">
        <conversionPattern value="ProductId:%property{ProductId}%newlineCategoryId:%property{CategoryId}%newlineEventId:%property{EventId}%newlineMachineName:%property{MachineName}%newlineAppDomainName:%property{AppDomainName}%newlineProcessId:%property{ProcessId}%newlineProcessName:%property{ProcessName}%newlineMessage:%property{Message}%newlineFormattedMessage:%property{FormattedMessage}%newlineStackTrace:%property{StackTrace}%newlineSessionId:%property{SessionId}%newlineTimeStamp:%property{TimeStamp}%newlineApplicationName:%property{ApplicationName}%newlineSeverity:%property{Severity}%newline%newline" />
      </layout>
    </appender>
    <!--<appender name="AWSQueue" type="Mena.Components.Aws.Core.Log4Net.Appenders.AwsQueueAppender, Mena.Components.Aws.Core.Log4Net">
      <accessKey value="" />
      <secretKey value="" />
      <regionName value="" />
      <queueUrl value="" />
    </appender>-->
    <root>
      <level value="ALL" />
      <appender-ref ref="LogEntyForwardingAppender" />
    </root>
  </log4net>
</configuration>
